63,1,2024-11-28 11:30:04.589763,7,"{'min': 701, 'max': 800}",475.29999999999995,250.0,99.27718597425654,35.0,0.3,202.61731417259028,7,"{'carts': 5.0, 'catalogue': 5.0, 'front-end': 5.0, 'orders': 5.0, 'payment': 5.0, 'shipping': 5.0, 'user': 5.0}","{'carts': {'cpu_utilization': 14.217687500359927, 'throttles': 0.3247525322701652, 'processes': 0, 'load_average': 0.0, 'threads': 174.0, 'memory_utilization': 493106322.28571427, 'io_time': 2.4185047021536964e-09, 'read_seconds': 0.0, 'write_seconds': 5.51008686107883e-09}, 'catalogue': {'cpu_utilization': 4.113358047104606, 'throttles': 0.0, 'processes': 0, 'load_average': 0.0, 'threads': 56.0, 'memory_utilization': 22510933.333333332, 'io_time': 2.430105161260224e-09, 'read_seconds': 0.0, 'write_seconds': 5.746990682737971e-09}, 'front-end': {'cpu_utilization': 12.826742719566603, 'throttles': 0.0, 'processes': 0, 'load_average': 0.0, 'threads': 21.0, 'memory_utilization': 174495451.42857143, 'io_time': 3.5434664216110145e-08, 'read_seconds': 0.0, 'write_seconds': 4.8574370584194714e-08}, 'orders': {'cpu_utilization': 3.4408835327241856, 'throttles': 0.031381687938537024, 'processes': 0, 'load_average': 0.0, 'threads': 148.07692307692307, 'memory_utilization': 442384068.9230769, 'io_time': 3.122668721377054e-08, 'read_seconds': 0.0, 'write_seconds': 4.40865274834217e-08}, 'payment': {'cpu_utilization': 0.14526086816441613, 'throttles': 0.0, 'processes': 0, 'load_average': 0.0, 'threads': 37.57142857142857, 'memory_utilization': 10394770.285714285, 'io_time': 3.522741014589346e-08, 'read_seconds': 0.0, 'write_seconds': 4.56120951444749e-08}, 'shipping': {'cpu_utilization': 0.4935737311401863, 'throttles': 0.0003642943065347491, 'processes': 0, 'load_average': 0.0, 'threads': 147.0, 'memory_utilization': 396976420.5714286, 'io_time': 3.491867709413664e-08, 'read_seconds': 0.0, 'write_seconds': 4.5955650885043285e-08}, 'user': {'cpu_utilization': 2.4112725360707876, 'throttles': 0.0, 'processes': 0, 'load_average': 0.0, 'threads': 38.0, 'memory_utilization': 19609479.529411763, 'io_time': 3.551096675276581e-08, 'read_seconds': 0.0, 'write_seconds': 4.852374144569702e-08}}","{'catalogue': 3.5, 'front-end': 3.5, 'payment': 3.5, 'shipping': 3.5, 'user': 3.5, 'carts': 5.0, 'orders': 5.0}",301.89450014684684,None,0.0,120.0,"[0, '98.96782700421929', '99.46120481927709', '99.50577583515454', '99.32007211538453', '99.28941333842921', '99.1655183464189', '99.1582625376816', '99.0626263827764', '99.12272631133672', '99.24334083661594', '99.27718597425654', '99.27718597425654']"
64,2,2024-11-28 11:32:14.802414,7,"{'min': 701, 'max': 800}",741.5000000000001,250.0,99.90571829503594,27.5,0.3,159.44392216874766,7,"{'carts': 5.0, 'catalogue': 3.5, 'front-end': 3.5, 'orders': 5.0, 'payment': 3.5, 'shipping': 3.5, 'user': 3.5}","{'carts': {'cpu_utilization': 14.34165010526846, 'throttles': 0.3876214964376034, 'processes': 0, 'load_average': 0.0, 'threads': 194.0, 'memory_utilization': 496709632.0, 'io_time': 2.526093839435253e-09, 'read_seconds': 0.0, 'write_seconds': 6.168675104907199e-09}, 'catalogue': {'cpu_utilization': 5.103905230601101, 'throttles': 0.0, 'processes': 0, 'load_average': 0.0, 'threads': 56.0, 'memory_utilization': 22491136.0, 'io_time': 2.182092587724282e-09, 'read_seconds': 0.0, 'write_seconds': 5.731600982998601e-09}, 'front-end': {'cpu_utilization': 18.050457402052725, 'throttles': 0.0, 'processes': 0, 'load_average': 0.0, 'threads': 21.0, 'memory_utilization': 198080039.3846154, 'io_time': 4.459831748825309e-08, 'read_seconds': 0.0, 'write_seconds': 5.612845336624064e-07}, 'orders': {'cpu_utilization': 3.4829305493076, 'throttles': 0.03339704323835127, 'processes': 0, 'load_average': 0.0, 'threads': 148.73333333333332, 'memory_utilization': 443015441.06666666, 'io_time': 4.752711721043837e-08, 'read_seconds': 0.0, 'write_seconds': 5.506054240595171e-07}, 'payment': {'cpu_utilization': 0.2147313730549059, 'throttles': 0.0, 'processes': 0, 'load_average': 0.0, 'threads': 37.53846153846154, 'memory_utilization': 10476622.76923077, 'io_time': 4.8082627146439296e-08, 'read_seconds': 0.0, 'write_seconds': 5.821662690729772e-07}, 'shipping': {'cpu_utilization': 0.7317095502916318, 'throttles': 0.08952636988194579, 'processes': 0, 'load_average': 0.0, 'threads': 147.0, 'memory_utilization': 396461787.4285714, 'io_time': 4.8481374149455585e-08, 'read_seconds': 0.0, 'write_seconds': 6.306531054917556e-07}, 'user': {'cpu_utilization': 3.305978904082379, 'throttles': 0.0, 'processes': 0, 'load_average': 0.0, 'threads': 38.0, 'memory_utilization': 19675272.533333335, 'io_time': 4.7178330824420714e-08, 'read_seconds': 0.0, 'write_seconds': 5.290559886088204e-07}}","{'catalogue': 2.4, 'front-end': 2.4, 'payment': 2.4, 'user': 2.4, 'carts': 5.0, 'orders': 5.0, 'shipping': 3.5}",259.3496404637836,None,0.0,120.0,"[0, '101.6071428571438', '160.53105590062', '126.23170731707206', '113.97014925373178', '105.21698113207437', '99.95203910187868', '99.84791721247049', '99.74205210604849', '99.81328692803771', '99.88221176922343', '99.90571829503594', '99.90571829503594']"
65,3,2024-11-28 11:34:22.805059,7,"{'min': 701, 'max': 800}",735.6,250.0,108.67040358743785,23.099999999999998,0.3,151.62219206841965,7,"{'carts': 5.0, 'catalogue': 2.4, 'front-end': 2.4, 'orders': 5.0, 'payment': 2.4, 'shipping': 3.5, 'user': 2.4}","{'carts': {'cpu_utilization': 12.16458331487091, 'throttles': 0.29261116293099954, 'processes': 0, 'load_average': 0.0, 'threads': 194.0, 'memory_utilization': 497111722.6666667, 'io_time': 2.1347063880157436e-09, 'read_seconds': 0.0, 'write_seconds': 5.06394438658297e-09}, 'catalogue': {'cpu_utilization': 7.502246685609363, 'throttles': 0.0, 'processes': 0, 'load_average': 0.0, 'threads': 56.0, 'memory_utilization': 22115669.333333332, 'io_time': 2.2114908265382594e-09, 'read_seconds': 0.0, 'write_seconds': 5.031397634346015e-09}, 'front-end': {'cpu_utilization': 24.691431254620923, 'throttles': 2.6734045789292627e-05, 'processes': 0, 'load_average': 0.0, 'threads': 21.0, 'memory_utilization': 205354535.3846154, 'io_time': 3.39316650445161e-08, 'read_seconds': 0.0, 'write_seconds': 4.317237683092988e-08}, 'orders': {'cpu_utilization': 3.4010351195828425, 'throttles': 0.01716339146408375, 'processes': 0, 'load_average': 0.0, 'threads': 148.46153846153845, 'memory_utilization': 443596800.0, 'io_time': 3.364420011969132e-08, 'read_seconds': 0.0, 'write_seconds': 4.5064867853450765e-08}, 'payment': {'cpu_utilization': 0.2892940751834524, 'throttles': 0.0, 'processes': 0, 'load_average': 0.0, 'threads': 37.588235294117645, 'memory_utilization': 10437089.88235294, 'io_time': 3.434414458934695e-08, 'read_seconds': 0.0, 'write_seconds': 4.29781465557149e-08}, 'shipping': {'cpu_utilization': 0.7287962648439498, 'throttles': 0.02522729148221026, 'processes': 0, 'load_average': 0.0, 'threads': 147.0, 'memory_utilization': 395920452.26666665, 'io_time': 3.438154222399125e-08, 'read_seconds': 0.0, 'write_seconds': 4.1916812634676484e-08}, 'user': {'cpu_utilization': 4.795895728885087, 'throttles': 0.0, 'processes': 0, 'load_average': 0.0, 'threads': 38.0, 'memory_utilization': 18016392.533333335, 'io_time': 3.4258499296958507e-08, 'read_seconds': 0.0, 'write_seconds': 4.199652023657198e-08}}","{'catalogue': 1.7, 'front-end': 1.7, 'orders': 3.5, 'payment': 1.7, 'user': 1.7, 'carts': 5.0, 'shipping': 3.5}",260.2925956558575,None,0.0,120.0,"[0, '99.5297619047619', '101.03937007873976', '118.45270270270349', '122.72727272727286', '109.68389057750764', '114.91911764705864', '118.23291925465698', '121.93850267379645', '114.71735537189626', '110.71217105263511', '108.67040358743785', '108.67040358743785']"
66,4,2024-11-28 11:36:31.540554,7,"{'min': 701, 'max': 800}",730.0,250.0,184.24321428571278,18.8,0.17675660372253207,76.94438968804536,4,"{'carts': 5.0, 'catalogue': 1.7, 'front-end': 1.7, 'orders': 3.5, 'payment': 1.7, 'shipping': 3.5, 'user': 1.7}","{'carts': {'cpu_utilization': 11.741796020322127, 'throttles': 0.2151197890722278, 'processes': 0, 'load_average': 0.0, 'threads': 194.0, 'memory_utilization': 497226410.6666667, 'io_time': 1.964502909197447e-09, 'read_seconds': 0.0, 'write_seconds': 2.64405093196264e-09}, 'catalogue': {'cpu_utilization': 10.428247136669968, 'throttles': 0.0, 'processes': 0, 'load_average': 0.0, 'threads': 56.0, 'memory_utilization': 22149412.57142857, 'io_time': 2.0295751171350547e-09, 'read_seconds': 0.0, 'write_seconds': 3.2266958751146517e-09}, 'front-end': {'cpu_utilization': 33.04895968459319, 'throttles': 0.05700154708317631, 'processes': 0, 'load_average': 0.0, 'threads': 21.0, 'memory_utilization': 221595062.85714287, 'io_time': 3.249209592331057e-08, 'read_seconds': 0.0, 'write_seconds': 3.70855934286865e-08}, 'orders': {'cpu_utilization': 4.864512448140735, 'throttles': 0.1961418209438913, 'processes': 0, 'load_average': 0.0, 'threads': 149.0, 'memory_utilization': 444582024.53333336, 'io_time': 3.622450224350453e-08, 'read_seconds': 0.0, 'write_seconds': 4.126551382659398e-08}, 'payment': {'cpu_utilization': 0.4356876357707191, 'throttles': 0.0, 'processes': 0, 'load_average': 0.0, 'threads': 37.53333333333333, 'memory_utilization': 10624204.8, 'io_time': 3.6601643772306524e-08, 'read_seconds': 0.0, 'write_seconds': 4.350480661100515e-08}, 'shipping': {'cpu_utilization': 0.6648526542190282, 'throttles': 0.025390094136226227, 'processes': 0, 'load_average': 0.0, 'threads': 147.0, 'memory_utilization': 395308509.8666667, 'io_time': 3.6322775801835426e-08, 'read_seconds': 0.0, 'write_seconds': 4.088265906168083e-08}, 'user': {'cpu_utilization': 6.537848599855067, 'throttles': 5.277049080246674e-05, 'processes': 0, 'load_average': 0.0, 'threads': 38.0, 'memory_utilization': 17924973.714285713, 'io_time': 3.616955090517695e-08, 'read_seconds': 0.0, 'write_seconds': 3.976579634960605e-08}}","{'catalogue': 1.4, 'payment': 1.4, 'user': 1.4, 'carts': 5.0, 'front-end': 1.7, 'orders': 3.5, 'shipping': 3.5}",261.18760397375814,None,0.0,120.0,"[0, '190.23684210526295', '192.21405750798715', '193.7213279678082', '186.3034782608703', '179.17401574802972', '174.16133518776', '171.93651753325491', '170.69857768052657', '180.39009556907087', '181.77235099337577', '184.24321428571278', '184.24321428571278']"
67,5,2024-11-28 11:38:42.432787,7,"{'min': 701, 'max': 800}",763.8000000000001,250.0,197.56579727326525,17.9,0.1365670184810298,58.21979221030682,3,"{'carts': 5.0, 'catalogue': 1.4, 'front-end': 1.7, 'orders': 3.5, 'payment': 1.4, 'shipping': 3.5, 'user': 1.4}","{'carts': {'cpu_utilization': 12.653585301288766, 'throttles': 0.38560669208208975, 'processes': 0, 'load_average': 0.0, 'threads': 194.5, 'memory_utilization': 497509717.3333333, 'io_time': 2.312382570858481e-09, 'read_seconds': 0.0, 'write_seconds': 5.7583840208839085e-09}, 'catalogue': {'cpu_utilization': 13.162552817624318, 'throttles': 0.00032747916666666673, 'processes': 0, 'load_average': 0.0, 'threads': 56.0, 'memory_utilization': 22476800.0, 'io_time': 2.3998055569806347e-09, 'read_seconds': 0.0, 'write_seconds': 5.548872796485458e-09}, 'front-end': {'cpu_utilization': 33.42227878786816, 'throttles': 0.06601754302137305, 'processes': 0, 'load_average': 0.0, 'threads': 21.0, 'memory_utilization': 227818574.76923078, 'io_time': 3.4814148972591716e-08, 'read_seconds': 0.0, 'write_seconds': 4.427321018750105e-08}, 'orders': {'cpu_utilization': 4.793230802196462, 'throttles': 0.09943625070289859, 'processes': 0, 'load_average': 0.0, 'threads': 151.21428571428572, 'memory_utilization': 445185462.85714287, 'io_time': 3.507136844195047e-08, 'read_seconds': 0.0, 'write_seconds': 4.639573992865224e-08}, 'payment': {'cpu_utilization': 0.5285991069473635, 'throttles': 0.0, 'processes': 0, 'load_average': 0.0, 'threads': 37.5, 'memory_utilization': 10744832.0, 'io_time': 3.508381929143592e-08, 'read_seconds': 0.0, 'write_seconds': 4.6762740899247654e-08}, 'shipping': {'cpu_utilization': 0.6948917721376158, 'throttles': 0.055020658501719236, 'processes': 0, 'load_average': 0.0, 'threads': 147.0, 'memory_utilization': 395149604.5714286, 'io_time': 3.474038258689577e-08, 'read_seconds': 0.0, 'write_seconds': 4.613719540605354e-08}, 'user': {'cpu_utilization': 8.224951931020351, 'throttles': 0.0004175425028521459, 'processes': 0, 'load_average': 0.0, 'threads': 38.0, 'memory_utilization': 18199808.0, 'io_time': 3.509401219492799e-08, 'read_seconds': 0.0, 'write_seconds': 4.445593306039598e-08}}","{'payment': 1.2, 'carts': 5.0, 'catalogue': 1.4, 'front-end': 1.7, 'orders': 3.5, 'shipping': 3.5, 'user': 1.4}",255.78558948357207,None,0.0,120.0,"[0, '218.65909090908974', '207.60306406685316', '193.24657534246583', '200.38547904191438', '199.29093198992487', '192.95767494356656', '190.14670658682812', '196.05778120184817', '193.91956521739223', '197.7614770459096', '197.56579727326525', '197.56579727326525']"
68,6,2024-11-28 11:40:52.873283,7,"{'min': 701, 'max': 800}",693.0000000000001,250.0,193.89369592089042,17.699999999999996,0.16444867298886093,73.20735586756848,3,"{'carts': 5.0, 'catalogue': 1.4, 'front-end': 1.7, 'orders': 3.5, 'payment': 1.2, 'shipping': 3.5, 'user': 1.4}","{'carts': {'cpu_utilization': 14.515766535490087, 'throttles': 0.3529101373633782, 'processes': 0, 'load_average': 0.0, 'threads': 197.0, 'memory_utilization': 497826474.6666667, 'io_time': 2.2836311061924985e-09, 'read_seconds': 0.0, 'write_seconds': 4.227453790307256e-09}, 'catalogue': {'cpu_utilization': 13.582453201202288, 'throttles': 0.0002807854036951813, 'processes': 0, 'load_average': 0.0, 'threads': 56.0, 'memory_utilization': 22230630.4, 'io_time': 2.11532214412708e-09, 'read_seconds': 0.0, 'write_seconds': 3.8713087205340866e-09}, 'front-end': {'cpu_utilization': 35.6176895043156, 'throttles': 0.07786037159984656, 'processes': 0, 'load_average': 0.0, 'threads': 21.0, 'memory_utilization': 242379922.2857143, 'io_time': 3.4575071775876426e-08, 'read_seconds': 0.0, 'write_seconds': 4.402283615677487e-08}, 'orders': {'cpu_utilization': 4.853408469864381, 'throttles': 0.08975841818573826, 'processes': 0, 'load_average': 0.0, 'threads': 151.2, 'memory_utilization': 446277222.4, 'io_time': 3.498054512459937e-08, 'read_seconds': 0.0, 'write_seconds': 4.456347739511106e-08}, 'payment': {'cpu_utilization': 0.633795202326478, 'throttles': 0.0, 'processes': 0, 'load_average': 0.0, 'threads': 37.5625, 'memory_utilization': 10728704.0, 'io_time': 3.497376639280464e-08, 'read_seconds': 0.0, 'write_seconds': 4.370812179423877e-08}, 'shipping': {'cpu_utilization': 0.6432006940575963, 'throttles': 0.007939726908521332, 'processes': 0, 'load_average': 0.0, 'threads': 147.0, 'memory_utilization': 395318508.3076923, 'io_time': 3.4741705719864817e-08, 'read_seconds': 0.0, 'write_seconds': 4.429420879754965e-08}, 'user': {'cpu_utilization': 8.616367494483793, 'throttles': 0.0004005762292817965, 'processes': 0, 'load_average': 0.0, 'threads': 38.0, 'memory_utilization': 18101043.2, 'io_time': 3.4798986030724103e-08, 'read_seconds': 0.0, 'write_seconds': 4.3488697586445834e-08}}","{'shipping': 2.9, 'payment': 1.0, 'user': 1.2, 'carts': 5.0, 'catalogue': 1.4, 'front-end': 1.7, 'orders': 3.5}",267.1010517884589,None,0.0,120.0,"[0, '179.31250690280214', '192.02453987729982', '191.21995708154506', '181.9420560747654', '192.87903225806497', '190.72007042253756', '191.20148514851465', '188.50667259786252', '189.7040898155566', '196.45176010430197', '193.89369592089042', '193.89369592089042']"
69,7,2024-11-28 11:43:05.644432,7,"{'min': 701, 'max': 800}",681.8,250.0,172.30106571935917,16.7,0.21552966397344211,96.59000270490108,5,"{'carts': 5.0, 'catalogue': 1.4, 'front-end': 1.7, 'orders': 3.5, 'payment': 1.0, 'shipping': 2.9, 'user': 1.2}","{'carts': {'cpu_utilization': 14.444647997866339, 'throttles': 0.31269118700590603, 'processes': 0, 'load_average': 0.0, 'threads': 197.0, 'memory_utilization': 498006698.6666667, 'io_time': 2.4022604035893907e-09, 'read_seconds': 0.0, 'write_seconds': 3.5076139431746863e-09}, 'catalogue': {'cpu_utilization': 14.081817528505278, 'throttles': 5.254266234265634e-05, 'processes': 0, 'load_average': 0.0, 'threads': 56.0, 'memory_utilization': 22204416.0, 'io_time': 2.178728946102734e-09, 'read_seconds': 0.0, 'write_seconds': 2.8903571150308493e-09}, 'front-end': {'cpu_utilization': 34.19528998282331, 'throttles': 0.06123749043526986, 'processes': 0, 'load_average': 0.0, 'threads': 21.0, 'memory_utilization': 260333252.92307693, 'io_time': 3.46186790093261e-08, 'read_seconds': 0.0, 'write_seconds': 4.716530642523579e-08}, 'orders': {'cpu_utilization': 4.6618047823968025, 'throttles': 0.11007218965610457, 'processes': 0, 'load_average': 0.0, 'threads': 150.6875, 'memory_utilization': 447137280.0, 'io_time': 3.862241017354361e-08, 'read_seconds': 0.0, 'write_seconds': 1.2517063136813366e-07}, 'payment': {'cpu_utilization': 0.7038022171936402, 'throttles': 0.0, 'processes': 0, 'load_average': 0.0, 'threads': 37.5, 'memory_utilization': 10869613.714285715, 'io_time': 3.4702307050941306e-08, 'read_seconds': 0.0, 'write_seconds': 4.6927720896141884e-08}, 'shipping': {'cpu_utilization': 0.667660330748894, 'throttles': 0.007874418852239546, 'processes': 0, 'load_average': 0.0, 'threads': 147.0, 'memory_utilization': 395498732.3076923, 'io_time': 2.997289997286276e-08, 'read_seconds': 0.0, 'write_seconds': 4.12465828108422e-08}, 'user': {'cpu_utilization': 8.896556193175064, 'throttles': 0.0012572125778899093, 'processes': 0, 'load_average': 0.0, 'threads': 38.0, 'memory_utilization': 18121649.230769232, 'io_time': 3.463526145876403e-08, 'read_seconds': 0.0, 'write_seconds': 4.689489473513166e-08}}","{'catalogue': 1.1, 'payment': 0.8, 'shipping': 2.3, 'user': 0.9, 'carts': 5.0, 'front-end': 1.7, 'orders': 3.5}",268.89106842426025,None,0.0,120.0,"[0, '185.10526315789485', '174.0470588235292', '183.67211055276442', '175.2910447761198', '167.42444029850657', '165.71680000000038', '164.6352459016379', '166.1542553191474', '166.05016722407993', '175.07075471698028', '172.30106571935917', '172.30106571935917']"
70,8,2024-11-28 11:45:18.400065,7,"{'min': 701, 'max': 800}",689.3000000000002,250.0,194.2422018348613,15.299980000000001,0.16462969216059978,73.45019473506767,3,"{'carts': 5.0, 'catalogue': 1.1, 'front-end': 1.7, 'orders': 3.5, 'payment': 0.8, 'shipping': 2.29998, 'user': 0.9}","{'carts': {'cpu_utilization': 13.489895370762115, 'throttles': 0.3234205959186564, 'processes': 0, 'load_average': 0.0, 'threads': 197.0, 'memory_utilization': 497772836.5714286, 'io_time': 2.2422625669629317e-09, 'read_seconds': 0.0, 'write_seconds': 2.9146977062197294e-09}, 'catalogue': {'cpu_utilization': 17.44345492840147, 'throttles': 0.002276191173776596, 'processes': 0, 'load_average': 0.0, 'threads': 56.0, 'memory_utilization': 22374692.57142857, 'io_time': 2.196526813727804e-09, 'read_seconds': 0.0, 'write_seconds': 2.8547570169613307e-09}, 'front-end': {'cpu_utilization': 32.2795056539239, 'throttles': 0.05895032773820124, 'processes': 0, 'load_average': 0.0, 'threads': 21.0, 'memory_utilization': 307850318.7692308, 'io_time': 4.5230757234593334e-08, 'read_seconds': 7.220734554869617e-10, 'write_seconds': 6.008640343626058e-07}, 'orders': {'cpu_utilization': 4.749313975632495, 'throttles': 0.13799255737287844, 'processes': 0, 'load_average': 0.0, 'threads': 151.5, 'memory_utilization': 448326314.6666667, 'io_time': 5.65326147619597e-08, 'read_seconds': 7.251556494941418e-10, 'write_seconds': 7.506555938495737e-07}, 'payment': {'cpu_utilization': 0.9099861307065037, 'throttles': 0.0, 'processes': 0, 'load_average': 0.0, 'threads': 37.53333333333333, 'memory_utilization': 10708855.466666667, 'io_time': 5.540782805658793e-08, 'read_seconds': 6.871435442993492e-10, 'write_seconds': 7.144319363993735e-07}, 'shipping': {'cpu_utilization': 0.9001760135266546, 'throttles': 0.03462758293262785, 'processes': 0, 'load_average': 0.0, 'threads': 147.0, 'memory_utilization': 395655753.14285713, 'io_time': 5.740411756337823e-08, 'read_seconds': 7.510649027512475e-10, 'write_seconds': 7.75407067174915e-07}, 'user': {'cpu_utilization': 12.033082635914614, 'throttles': 0.021618374257862123, 'processes': 0, 'load_average': 0.0, 'threads': 38.0, 'memory_utilization': 17995776.0, 'io_time': 4.340108054765501e-08, 'read_seconds': 6.859508085702701e-10, 'write_seconds': 5.723565197419197e-07}}","{'catalogue': 0.9, 'payment': 0.7, 'carts': 5.0, 'front-end': 1.7, 'orders': 3.5, 'shipping': 2.3, 'user': 0.9}",267.692396569929,None,0.0,120.0,"[0, '212.3125000000004', '199.1432360742709', '188.6156316916468', '194.14720000000017', '205.50313479623784', '200.80945558739228', '198.74010554089602', '196.51681706316498', '198.14285714285728', '196.81905988409437', '194.2422018348613', '194.2422018348613']"
71,9,2024-11-28 11:47:36.559718,7,"{'min': 701, 'max': 800}",751.5000000000001,250.0,201.5439247005139,14.99998,0.13084115350203046,56.20748662416139,3,"{'carts': 5.0, 'catalogue': 0.9, 'front-end': 1.7, 'orders': 3.5, 'payment': 0.7, 'shipping': 2.29998, 'user': 0.9}","{'carts': {'cpu_utilization': 13.852966572109512, 'throttles': 0.3742583325021557, 'processes': 0, 'load_average': 0.0, 'threads': 197.0, 'memory_utilization': 497738313.14285713, 'io_time': 2.3843610294326997e-09, 'read_seconds': 0.0, 'write_seconds': 3.6343670065046853e-09}, 'catalogue': {'cpu_utilization': 20.868038426854554, 'throttles': 0.002126842769308238, 'processes': 0, 'load_average': 0.0, 'threads': 56.0, 'memory_utilization': 22072661.333333332, 'io_time': 2.1323601316346096e-09, 'read_seconds': 0.0, 'write_seconds': 3.57856778247878e-09}, 'front-end': {'cpu_utilization': 36.19272850021574, 'throttles': 0.07299107889840219, 'processes': 0, 'load_average': 0.0, 'threads': 21.0, 'memory_utilization': 296546596.5714286, 'io_time': 4.1594342316987103e-08, 'read_seconds': 0.0, 'write_seconds': 7.078092712210924e-08}, 'orders': {'cpu_utilization': 4.742358141852228, 'throttles': 0.1019166428286654, 'processes': 0, 'load_average': 0.0, 'threads': 151.86666666666667, 'memory_utilization': 449463910.4, 'io_time': 5.198643316895419e-08, 'read_seconds': 0.0, 'write_seconds': 1.5079116416664926e-07}, 'payment': {'cpu_utilization': 1.0041568930778986, 'throttles': 0.00010801782027700158, 'processes': 0, 'load_average': 0.0, 'threads': 37.53846153846154, 'memory_utilization': 10706944.0, 'io_time': 3.7287137453027044e-08, 'read_seconds': 0.0, 'write_seconds': 6.182874631766579e-08}, 'shipping': {'cpu_utilization': 0.9477513081331219, 'throttles': 0.05722748942406017, 'processes': 0, 'load_average': 0.0, 'threads': 147.0, 'memory_utilization': 395326385.2307692, 'io_time': 4.183138059035467e-08, 'read_seconds': 0.0, 'write_seconds': 9.248516476639056e-08}, 'user': {'cpu_utilization': 13.101945817540784, 'throttles': 0.025959322484817582, 'processes': 0, 'load_average': 0.0, 'threads': 38.0, 'memory_utilization': 18190336.0, 'io_time': 3.1245335164832145e-08, 'read_seconds': 0.0, 'write_seconds': 3.9983449511638554e-08}}","{'catalogue': 0.8, 'payment': 0.6, 'carts': 5.0, 'front-end': 1.7, 'orders': 3.5, 'shipping': 2.3, 'user': 0.9}",257.7514113246753,None,0.0,120.0,"[0, '174.0052285043085', '203.89523809523803', '193.64797136038044', '196.28398058252367', '189.79664723032027', '194.89482378854595', '195.14974093264243', '209.53280408314987', '204.880478087649', '202.2394014962603', '201.5439247005139', '201.5439247005139']"
72,10,2024-11-28 11:49:46.583103,7,"{'min': 701, 'max': 800}",705.3,250.0,184.70830244625773,14.79998,0.18200582589586584,80.42692750109796,4,"{'carts': 5.0, 'catalogue': 0.8, 'front-end': 1.7, 'orders': 3.5, 'payment': 0.6, 'shipping': 2.29998, 'user': 0.9}","{'carts': {'cpu_utilization': 14.502977603869452, 'throttles': 0.403739275519931, 'processes': 0, 'load_average': 0.0, 'threads': 197.0, 'memory_utilization': 497698816.0, 'io_time': 2.1795248840805702e-09, 'read_seconds': 0.0, 'write_seconds': 2.5635451928577107e-09}, 'catalogue': {'cpu_utilization': 24.66167691159795, 'throttles': 0.0030225847286529995, 'processes': 0, 'load_average': 0.0, 'threads': 56.0, 'memory_utilization': 22159360.0, 'io_time': 2.070410617143873e-09, 'read_seconds': 0.0, 'write_seconds': 2.39113029254045e-09}, 'front-end': {'cpu_utilization': 35.24025773117796, 'throttles': 0.05998174332098832, 'processes': 0, 'load_average': 0.0, 'threads': 21.0, 'memory_utilization': 301222180.5714286, 'io_time': 3.414506777932153e-08, 'read_seconds': 0.0, 'write_seconds': 4.748525258066417e-08}, 'orders': {'cpu_utilization': 4.957722629609684, 'throttles': 0.22061330950896663, 'processes': 0, 'load_average': 0.0, 'threads': 153.28571428571428, 'memory_utilization': 450060873.14285713, 'io_time': 3.142131862176872e-08, 'read_seconds': 0.0, 'write_seconds': 4.566953734955992e-08}, 'payment': {'cpu_utilization': 1.2456941716329095, 'throttles': 0.0, 'processes': 0, 'load_average': 0.0, 'threads': 37.5, 'memory_utilization': 10792192.0, 'io_time': 3.429678243361528e-08, 'read_seconds': 0.0, 'write_seconds': 4.806139503609275e-08}, 'shipping': {'cpu_utilization': 1.2587447966455847, 'throttles': 0.24846497335673828, 'processes': 0, 'load_average': 0.0, 'threads': 147.0, 'memory_utilization': 395375852.3076923, 'io_time': 3.143655434111017e-08, 'read_seconds': 0.0, 'write_seconds': 4.5583228092861425e-08}, 'user': {'cpu_utilization': 13.770697302823237, 'throttles': 0.02217831728158972, 'processes': 0, 'load_average': 0.0, 'threads': 38.0, 'memory_utilization': 17931342.769230768, 'io_time': 3.407220510152471e-08, 'read_seconds': 0.0, 'write_seconds': 4.6987295489695926e-08}}","{'catalogue': 0.7, 'payment': 0.5, 'carts': 5.0, 'front-end': 1.7, 'orders': 3.5, 'shipping': 2.3, 'user': 0.9}",265.1352299473557,None,0.0,120.0,"[0, '224.42924528301936', '209.63888888888914', '197.20432692307713', '186.33797216699722', '185.36977491961426', '179.83025568181762', '180.05396618985702', '191.7802669208766', '191.1772959183675', '188.82309486780687', '184.70830244625773', '184.70830244625773']"
73,11,2024-11-28 11:51:57.761243,7,"{'min': 701, 'max': 800}",718.3,250.0,202.35057142856988,15.89998,0.13846467765673803,60.70696063794503,3,"{'carts': 5.0, 'catalogue': 0.7, 'front-end': 3.0, 'orders': 3.5, 'payment': 0.5, 'shipping': 2.29998, 'user': 0.9}","{'carts': {'cpu_utilization': 12.696762025408098, 'throttles': 0.31374331998705907, 'processes': 0, 'load_average': 0.0, 'threads': 197.0, 'memory_utilization': 497570474.6666667, 'io_time': 2.464172259567832e-09, 'read_seconds': 0.0, 'write_seconds': 5.5528718206995635e-09}, 'catalogue': {'cpu_utilization': 28.34196233626071, 'throttles': 0.01286505285470886, 'processes': 0, 'load_average': 0.0, 'threads': 56.0, 'memory_utilization': 21103177.14285714, 'io_time': 2.404980122888637e-09, 'read_seconds': 0.0, 'write_seconds': 5.282475451492703e-09}, 'front-end': {'cpu_utilization': 20.70400739060726, 'throttles': 0.04376885534171366, 'processes': 0, 'load_average': 0.0, 'threads': 20.0, 'memory_utilization': 232547942.4, 'io_time': 3.505487786769242e-08, 'read_seconds': 0.0, 'write_seconds': 4.740119181921836e-08}, 'orders': {'cpu_utilization': 4.651065099114992, 'throttles': 0.12605226985983675, 'processes': 0, 'load_average': 0.0, 'threads': 152.57142857142858, 'memory_utilization': 451384173.71428573, 'io_time': 3.490647412943476e-08, 'read_seconds': 0.0, 'write_seconds': 4.6852425085993135e-08}, 'payment': {'cpu_utilization': 1.4297874703104516, 'throttles': 0.006654740358651029, 'processes': 0, 'load_average': 0.0, 'threads': 37.57142857142857, 'memory_utilization': 10699629.714285715, 'io_time': 3.451096544628801e-08, 'read_seconds': 0.0, 'write_seconds': 4.6528091375790194e-08}, 'shipping': {'cpu_utilization': 0.8863107508759636, 'throttles': 0.02391606505949501, 'processes': 0, 'load_average': 0.0, 'threads': 147.0, 'memory_utilization': 395354112.0, 'io_time': 3.459713094002557e-08, 'read_seconds': 0.0, 'write_seconds': 4.614053316468762e-08}, 'user': {'cpu_utilization': 14.162024840133473, 'throttles': 0.028553726108699932, 'processes': 0, 'load_average': 0.0, 'threads': 38.0, 'memory_utilization': 18087936.0, 'io_time': 3.405581447772461e-08, 'read_seconds': 0.0, 'write_seconds': 4.784445796697339e-08}}","{'catalogue': 0.6, 'payment': 0.4, 'carts': 5.0, 'front-end': 3.0, 'orders': 3.5, 'shipping': 2.3, 'user': 0.9}",263.0575320665149,None,0.0,120.0,"[0, '155.05612244898128', '171.7413793103447', '205.28278688524642', '196.9396306818171', '202.9792576419216', '198.62966804979283', '195.53124999999966', '206.0282608695665', '201.99878230892318', '205.45189416716713', '202.35057142856988', '202.35057142856988']"
74,12,2024-11-28 11:54:04.714117,7,"{'min': 701, 'max': 800}",766.1399139913991,250.0,145.08831390768535,15.69998,0.25916590185361454,110.3233037034806,6,"{'carts': 5.0, 'catalogue': 0.6, 'front-end': 3.0, 'orders': 3.5, 'payment': 0.4, 'shipping': 2.29998, 'user': 0.9}","{'carts': {'cpu_utilization': 12.928923436468592, 'throttles': 0.34169730334514625, 'processes': 0, 'load_average': 0.0, 'threads': 200.0, 'memory_utilization': 497346852.5714286, 'io_time': 2.4073182747853725e-09, 'read_seconds': 0.0, 'write_seconds': 4.240605098558854e-09}, 'catalogue': {'cpu_utilization': 32.06360652078698, 'throttles': 0.25813759736566577, 'processes': 0, 'load_average': 0.0, 'threads': 70.0, 'memory_utilization': 29717650.285714287, 'io_time': 2.5935573489021203e-09, 'read_seconds': 0.0, 'write_seconds': 4.644430968504572e-09}, 'front-end': {'cpu_utilization': 20.50877860791406, 'throttles': 2.3683104778557032e-06, 'processes': 0, 'load_average': 0.0, 'threads': 21.0, 'memory_utilization': 270944548.5714286, 'io_time': 3.603305780641719e-08, 'read_seconds': 0.0, 'write_seconds': 4.179721940348379e-08}, 'orders': {'cpu_utilization': 4.425585146048654, 'throttles': 0.00949769207982791, 'processes': 0, 'load_average': 0.0, 'threads': 152.86666666666667, 'memory_utilization': 452278681.6, 'io_time': 3.618883485299209e-08, 'read_seconds': 0.0, 'write_seconds': 4.3235166794164026e-08}, 'payment': {'cpu_utilization': 1.7758184611449697, 'throttles': 0.03943514928358444, 'processes': 0, 'load_average': 0.0, 'threads': 37.53333333333333, 'memory_utilization': 10853034.666666666, 'io_time': 3.278256692499692e-08, 'read_seconds': 0.0, 'write_seconds': 3.8539450680594205e-08}, 'shipping': {'cpu_utilization': 0.9337529138048568, 'throttles': 0.02744852193179255, 'processes': 0, 'load_average': 0.0, 'threads': 147.0, 'memory_utilization': 395341004.8, 'io_time': 3.6087891114943086e-08, 'read_seconds': 0.0, 'write_seconds': 4.193744170084728e-08}, 'user': {'cpu_utilization': 13.720951526099448, 'throttles': 0.017699181574704355, 'processes': 0, 'load_average': 0.0, 'threads': 38.38461538461539, 'memory_utilization': 17954658.46153846, 'io_time': 3.5893189667328965e-08, 'read_seconds': 0.0, 'write_seconds': 4.1461846334763245e-08}}","{'front-end': 2.2, 'orders': 2.6, 'user': 0.7, 'carts': 5.0, 'catalogue': 0.6, 'payment': 0.4, 'shipping': 2.3}",255.41161761116595,None,0.0,120.0,"[0, '99.83609271523177', '116.46511627906924', '135.72435897435906', '139.09146341463705', '138.0407226772648', '143.93600867678967', '141.85981308411186', '140.68442622951', '146.24624829467848', '143.0264150943382', '145.08831390768535', '145.08831390768535']"
75,13,2024-11-28 11:56:12.889501,7,"{'min': 701, 'max': 800}",749.1381738173817,250.0,216.6828826198839,13.79998,0.09633792654671235,41.446002647448324,2,"{'carts': 5.0, 'catalogue': 0.6, 'front-end': 2.2, 'orders': 2.6, 'payment': 0.4, 'shipping': 2.29998, 'user': 0.7}","{'carts': {'cpu_utilization': 13.394417996229786, 'throttles': 0.36296089452881447, 'processes': 0, 'load_average': 0.0, 'threads': 200.0, 'memory_utilization': 497241292.8, 'io_time': 2.511901734297079e-09, 'read_seconds': 0.0, 'write_seconds': 4.2985111044058955e-09}, 'catalogue': {'cpu_utilization': 31.030862268518568, 'throttles': 0.48275476666666695, 'processes': 0, 'load_average': 0.0, 'threads': 70.0, 'memory_utilization': 29698925.714285713, 'io_time': 2.4500000000596575e-09, 'read_seconds': 0.0, 'write_seconds': 4.199999999948073e-09}, 'front-end': {'cpu_utilization': 26.959023947161853, 'throttles': 0.0009088793957606519, 'processes': 0, 'load_average': 0.0, 'threads': 21.0, 'memory_utilization': 271285394.28571427, 'io_time': 4.4600384475427846e-08, 'read_seconds': 0.0, 'write_seconds': 1.6369367116307455e-07}, 'orders': {'cpu_utilization': 6.1740337952591995, 'throttles': 0.1875480530811901, 'processes': 0, 'load_average': 0.0, 'threads': 152.6875, 'memory_utilization': 453071360.0, 'io_time': 4.356907070496894e-08, 'read_seconds': 0.0, 'write_seconds': 1.5074734560166818e-07}, 'payment': {'cpu_utilization': 1.8241753215998597, 'throttles': 0.0013010097508905705, 'processes': 0, 'load_average': 0.0, 'threads': 37.53333333333333, 'memory_utilization': 10916659.2, 'io_time': 4.3549982035380054e-08, 'read_seconds': 0.0, 'write_seconds': 1.6686261258043724e-07}, 'shipping': {'cpu_utilization': 0.9579424175862334, 'throttles': 0.040737349136764314, 'processes': 0, 'load_average': 0.0, 'threads': 147.0, 'memory_utilization': 395197518.7692308, 'io_time': 4.505871299371127e-08, 'read_seconds': 0.0, 'write_seconds': 1.6634063288093828e-07}, 'user': {'cpu_utilization': 17.053974391581487, 'throttles': 0.11309037350044233, 'processes': 0, 'load_average': 0.0, 'threads': 38.57142857142857, 'memory_utilization': 18623926.85714286, 'io_time': 4.102219902356526e-08, 'read_seconds': 0.0, 'write_seconds': 1.6091215307674638e-07}}","{'front-end': 2.0, 'payment': 0.4, 'carts': 5.0, 'catalogue': 0.6, 'orders': 2.6, 'shipping': 2.3, 'user': 0.7}",258.12888526733224,None,0.0,120.0,"[0, '181.18461538461605', '184.80449826989562', '186.14527027026986', '179.79719626168233', '176.66718995290336', '234.9935064935066', '236.00412087912042', '228.7393570807998', '223.429755327547', '218.77521929824763', '216.6828826198839', '216.6828826198839']"
76,14,2024-11-28 11:58:24.645765,7,"{'min': 701, 'max': 800}",817.1599940005999,250.0,184.52105263158006,13.599979999999999,0.15223741017401496,62.7363871245517,3,"{'carts': 5.0, 'catalogue': 0.6, 'front-end': 2.0, 'orders': 2.6, 'payment': 0.4, 'shipping': 2.29998, 'user': 0.7}","{'carts': {'cpu_utilization': 12.555992538603828, 'throttles': 0.2931248814721484, 'processes': 0, 'load_average': 0.0, 'threads': 200.0, 'memory_utilization': 496893952.0, 'io_time': 2.0778340269856546e-09, 'read_seconds': 0.0, 'write_seconds': 4.154659792498633e-09}, 'catalogue': {'cpu_utilization': 33.31249494532395, 'throttles': 0.3630673136296334, 'processes': 0, 'load_average': 0.0, 'threads': 70.0, 'memory_utilization': 29304539.42857143, 'io_time': 2.332647676861854e-09, 'read_seconds': 0.0, 'write_seconds': 4.15382336783657e-09}, 'front-end': {'cpu_utilization': 30.348048273919304, 'throttles': 0.011359812533384583, 'processes': 0, 'load_average': 0.0, 'threads': 21.0, 'memory_utilization': 284212974.93333334, 'io_time': 3.58435109471708e-08, 'read_seconds': 0.0, 'write_seconds': 4.145522410757633e-08}, 'orders': {'cpu_utilization': 6.200546633991051, 'throttles': 0.11807091425599864, 'processes': 0, 'load_average': 0.0, 'threads': 152.71428571428572, 'memory_utilization': 453762779.4285714, 'io_time': 3.553737422943561e-08, 'read_seconds': 0.0, 'write_seconds': 3.681225246654253e-08}, 'payment': {'cpu_utilization': 1.7797590343296223, 'throttles': 0.004327043729250291, 'processes': 0, 'load_average': 0.0, 'threads': 37.5, 'memory_utilization': 10979620.57142857, 'io_time': 3.586534562936727e-08, 'read_seconds': 0.0, 'write_seconds': 4.0789759368607764e-08}, 'shipping': {'cpu_utilization': 0.8616345820720113, 'throttles': 0.0056491598985076085, 'processes': 0, 'load_average': 0.0, 'threads': 147.0, 'memory_utilization': 395288029.8666667, 'io_time': 3.556916687788481e-08, 'read_seconds': 0.0, 'write_seconds': 4.101945781160373e-08}, 'user': {'cpu_utilization': 19.035921988642862, 'throttles': 0.19502419952290506, 'processes': 0, 'load_average': 0.0, 'threads': 38.6, 'memory_utilization': 18068548.266666666, 'io_time': 3.564850489321533e-08, 'read_seconds': 0.0, 'write_seconds': 4.059857035547093e-08}}","{'payment': 0.3, 'shipping': 1.9, 'carts': 5.0, 'catalogue': 0.6, 'front-end': 2.0, 'orders': 2.6, 'user': 0.7}",247.25743975613176,None,0.0,120.0,"[0, '183.74999999999858', '190.5056179775279', '194.5136054421767', '188.12846580406807', '182.0537190082648', '177.35360360360454', '182.56834532374313', '179.54062838569718', '184.84516415261845', '183.82066514952083', '184.52105263158006', '184.52105263158006']"
78,16,2024-11-28 12:02:44.471311,7,"{'min': 701, 'max': 800}",741.6,250.0,191.30069930069908,13.1,0.1574025354467527,68.03295887169344,3,"{'carts': 5.0, 'catalogue': 0.6, 'front-end': 2.0, 'orders': 2.6, 'payment': 0.3, 'shipping': 1.9, 'user': 0.7}","{'carts': {'cpu_utilization': 13.222559228818604, 'throttles': 0.3279127372020068, 'processes': 0, 'load_average': 0.0, 'threads': 200.0, 'memory_utilization': 497083538.28571427, 'io_time': 2.4625304289614076e-09, 'read_seconds': 0.0, 'write_seconds': 4.734336338863759e-09}, 'catalogue': {'cpu_utilization': 32.07411919038187, 'throttles': 0.41832200821870896, 'processes': 0, 'load_average': 0.0, 'threads': 70.0, 'memory_utilization': 28725930.666666668, 'io_time': 2.4716769844041107e-09, 'read_seconds': 0.0, 'write_seconds': 4.732639759763926e-09}, 'front-end': {'cpu_utilization': 27.48793332108017, 'throttles': 0.00948284988663858, 'processes': 0, 'load_average': 0.0, 'threads': 21.0, 'memory_utilization': 304558762.6666667, 'io_time': 3.469138290088898e-08, 'read_seconds': 0.0, 'write_seconds': 4.451206163745104e-08}, 'orders': {'cpu_utilization': 6.094162538621959, 'throttles': 0.20163538615423626, 'processes': 0, 'load_average': 0.0, 'threads': 152.57142857142858, 'memory_utilization': 455264841.14285713, 'io_time': 3.459200774259604e-08, 'read_seconds': 0.0, 'write_seconds': 4.4415072393320206e-08}, 'payment': {'cpu_utilization': 2.626892489862039, 'throttles': 0.06315109095280318, 'processes': 0, 'load_average': 0.0, 'threads': 37.53333333333333, 'memory_utilization': 10974276.266666668, 'io_time': 3.4694048128169665e-08, 'read_seconds': 0.0, 'write_seconds': 4.4098307631290774e-08}, 'shipping': {'cpu_utilization': 1.0349931361208615, 'throttles': 0.020528518545462882, 'processes': 0, 'load_average': 0.0, 'threads': 147.0, 'memory_utilization': 395486354.28571427, 'io_time': 3.479121226823437e-08, 'read_seconds': 0.0, 'write_seconds': 4.3187848205886976e-08}, 'user': {'cpu_utilization': 20.92763613031674, 'throttles': 0.21398506539026374, 'processes': 0, 'load_average': 0.0, 'threads': 38.92307692307692, 'memory_utilization': 18309120.0, 'io_time': 3.4978468108900446e-08, 'read_seconds': 0.0, 'write_seconds': 4.442911565160745e-08}}","{'front-end': 1.7, 'carts': 5.0, 'catalogue': 0.6, 'orders': 2.6, 'payment': 0.3, 'shipping': 1.9, 'user': 0.7}",259.3336581723925,None,0.0,120.0,"[0, '168.1951219512197', '203.63601036269492', '191.1233905579389', '183.53513513513474', '191.16050295858093', '195.2924528301901', '200.10436432637616', '198.22405271828632', '193.85631293570884', '193.94271186440665', '191.30069930069908', '191.30069930069908']"
79,17,2024-11-28 12:04:51.886183,7,"{'min': 701, 'max': 800}",752.4000000000001,250.0,203.63868801652922,12.8,0.12570022504817965,53.96888268562634,2,"{'carts': 5.0, 'catalogue': 0.6, 'front-end': 1.7, 'orders': 2.6, 'payment': 0.3, 'shipping': 1.9, 'user': 0.7}","{'carts': {'cpu_utilization': 14.448614002737173, 'throttles': 0.35230566917432904, 'processes': 0, 'load_average': 0.0, 'threads': 200.0, 'memory_utilization': 497101677.71428573, 'io_time': 2.535024244784646e-09, 'read_seconds': 0.0, 'write_seconds': 7.007035716239765e-09}, 'catalogue': {'cpu_utilization': 30.773058799075102, 'throttles': 0.33616475269581936, 'processes': 0, 'load_average': 0.0, 'threads': 70.0, 'memory_utilization': 28260352.0, 'io_time': 2.2996202897273875e-09, 'read_seconds': 0.0, 'write_seconds': 6.637029369535837e-09}, 'front-end': {'cpu_utilization': 36.12887508666473, 'throttles': 0.060057201457514954, 'processes': 0, 'load_average': 0.0, 'threads': 21.0, 'memory_utilization': 320034973.53846157, 'io_time': 3.484941019040516e-08, 'read_seconds': 0.0, 'write_seconds': 5.3648569695085346e-08}, 'orders': {'cpu_utilization': 6.323256384458096, 'throttles': 0.18279382360867993, 'processes': 0, 'load_average': 0.0, 'threads': 153.46666666666667, 'memory_utilization': 455521075.2, 'io_time': 3.505867840901481e-08, 'read_seconds': 0.0, 'write_seconds': 5.369654834166879e-08}, 'payment': {'cpu_utilization': 2.3922257694189066, 'throttles': 0.05064763171795342, 'processes': 0, 'load_average': 0.0, 'threads': 37.57142857142857, 'memory_utilization': 10982838.857142856, 'io_time': 3.4994664373375024e-08, 'read_seconds': 0.0, 'write_seconds': 5.184997812531692e-08}, 'shipping': {'cpu_utilization': 1.2389053443261067, 'throttles': 0.14228338110706887, 'processes': 0, 'load_average': 0.0, 'threads': 147.0, 'memory_utilization': 395630749.53846157, 'io_time': 3.509758674393286e-08, 'read_seconds': 0.0, 'write_seconds': 5.100971021746224e-08}, 'user': {'cpu_utilization': 20.233426992681032, 'throttles': 0.19395080780570328, 'processes': 0, 'load_average': 0.0, 'threads': 38.857142857142854, 'memory_utilization': 18202331.42857143, 'io_time': 3.495143547594138e-08, 'read_seconds': 0.0, 'write_seconds': 5.360181730304904e-08}}","{'carts': 5.0, 'catalogue': 0.6, 'front-end': 1.7, 'orders': 2.6, 'payment': 0.3, 'shipping': 1.9, 'user': 0.7}",257.60757070215556,None,0.0,120.0,"[0, '184.89361702127542', '177.9252873563226', '179.92467532467344', '204.97376093294434', '201.5702917771896', '204.02248953974822', '203.03260869565122', '200.68033439490367', '203.59067524115795', '202.60244470314308', '203.63868801652922', '203.63868801652922']"
80,18,2024-11-28 12:07:04.692601,7,"{'min': 701, 'max': 800}",727.4999999999999,250.0,228.28519290928054,12.8,0.07638441012708867,33.301968349254736,1,"{'carts': 5.0, 'catalogue': 0.6, 'front-end': 1.7, 'orders': 2.6, 'payment': 0.3, 'shipping': 1.9, 'user': 0.7}","{'carts': {'cpu_utilization': 13.78037719903554, 'throttles': 0.35064047343406723, 'processes': 0, 'load_average': 0.0, 'threads': 200.0, 'memory_utilization': 496837778.28571427, 'io_time': 2.3703419347452382e-09, 'read_seconds': 0.0, 'write_seconds': 4.0732886839824205e-09}, 'catalogue': {'cpu_utilization': 29.439516359994215, 'throttles': 0.4261941503740131, 'processes': 0, 'load_average': 0.0, 'threads': 70.0, 'memory_utilization': 28527274.666666668, 'io_time': 1.9252443150867317e-09, 'read_seconds': 0.0, 'write_seconds': 2.4154053560845245e-09}, 'front-end': {'cpu_utilization': 31.94634727771568, 'throttles': 0.0631126841593359, 'processes': 0, 'load_average': 0.0, 'threads': 21.0, 'memory_utilization': 332943675.0769231, 'io_time': 3.135806452379922e-08, 'read_seconds': 0.0, 'write_seconds': 3.5963902300232614e-08}, 'orders': {'cpu_utilization': 5.926549914391288, 'throttles': 0.13205504421018127, 'processes': 0, 'load_average': 0.0, 'threads': 152.46666666666667, 'memory_utilization': 456217395.2, 'io_time': 3.4699915931456525e-08, 'read_seconds': 0.0, 'write_seconds': 4.055563962504298e-08}, 'payment': {'cpu_utilization': 2.48514588390661, 'throttles': 0.04197744572758189, 'processes': 0, 'load_average': 0.0, 'threads': 37.5, 'memory_utilization': 11157504.0, 'io_time': 3.4585132282949315e-08, 'read_seconds': 0.0, 'write_seconds': 4.316617722857821e-08}, 'shipping': {'cpu_utilization': 1.0102509187183037, 'throttles': 0.03471976518851175, 'processes': 0, 'load_average': 0.0, 'threads': 147.0, 'memory_utilization': 395781461.3333333, 'io_time': 3.5313459016538455e-08, 'read_seconds': 0.0, 'write_seconds': 4.3877679865188296e-08}, 'user': {'cpu_utilization': 18.955444576089114, 'throttles': 0.22234583231402233, 'processes': 0, 'load_average': 0.0, 'threads': 39.42857142857143, 'memory_utilization': 18669275.42857143, 'io_time': 3.150089219480678e-08, 'read_seconds': 0.0, 'write_seconds': 3.751027130087983e-08}}","{'carts': 5.0, 'catalogue': 0.6, 'front-end': 1.7, 'orders': 2.6, 'payment': 0.3, 'shipping': 1.9, 'user': 0.7}",261.5871612585353,None,0.0,120.0,"[0, '185.35517241379404', '197.87264150943457', '201.61531365313618', '203.5707547169804', '203.74685929648163', '210.24142857142863', '209.16350301984517', '227.52524986848996', '224.86067493926836', '229.75837676842906', '228.28519290928054', '228.28519290928054']"
81,19,2024-11-28 12:09:24.415038,7,"{'min': 701, 'max': 800}",720.7654434556546,250.0,204.12928951184182,12.8,0.13370919531943254,58.53420819750795,3,"{'carts': 5.0, 'catalogue': 0.6, 'front-end': 1.7, 'orders': 2.6, 'payment': 0.3, 'shipping': 1.9, 'user': 0.7}","{'carts': {'cpu_utilization': 14.522012477261448, 'throttles': 0.36442216852321746, 'processes': 0, 'load_average': 0.0, 'threads': 200.0, 'memory_utilization': 496843629.71428573, 'io_time': 2.4979673476284076e-09, 'read_seconds': 0.0, 'write_seconds': 3.66493945351534e-09}, 'catalogue': {'cpu_utilization': 31.041154982675362, 'throttles': 0.3648554634139024, 'processes': 0, 'load_average': 0.0, 'threads': 70.0, 'memory_utilization': 28693162.666666668, 'io_time': 2.183766927462713e-09, 'read_seconds': 0.0, 'write_seconds': 3.10255787210636e-09}, 'front-end': {'cpu_utilization': 36.207158995992124, 'throttles': 0.05813749582744237, 'processes': 0, 'load_average': 0.0, 'threads': 21.0, 'memory_utilization': 363435446.85714287, 'io_time': 3.552267116170396e-08, 'read_seconds': 0.0, 'write_seconds': 4.609081265305713e-08}, 'orders': {'cpu_utilization': 6.309202296585202, 'throttles': 0.1148885085354231, 'processes': 0, 'load_average': 0.0, 'threads': 153.125, 'memory_utilization': 457241856.0, 'io_time': 3.527041368360091e-08, 'read_seconds': 0.0, 'write_seconds': 4.468071404363536e-08}, 'payment': {'cpu_utilization': 2.7420683415160845, 'throttles': 0.07684007329608655, 'processes': 0, 'load_average': 0.0, 'threads': 37.53333333333333, 'memory_utilization': 11096064.0, 'io_time': 3.5443321198849397e-08, 'read_seconds': 0.0, 'write_seconds': 4.388535283444015e-08}, 'shipping': {'cpu_utilization': 1.0233260656218772, 'throttles': 0.011403724186008308, 'processes': 0, 'load_average': 0.0, 'threads': 147.0, 'memory_utilization': 395863040.0, 'io_time': 3.543250711554047e-08, 'read_seconds': 0.0, 'write_seconds': 4.515448109284706e-08}, 'user': {'cpu_utilization': 20.1912737573966, 'throttles': 0.24551819656138038, 'processes': 0, 'load_average': 0.0, 'threads': 40.0, 'memory_utilization': 18726619.42857143, 'io_time': 3.228643381195706e-08, 'read_seconds': 0.0, 'write_seconds': 4.0207287129120756e-08}}","{'shipping': 1.6, 'carts': 5.0, 'catalogue': 0.6, 'front-end': 1.7, 'orders': 2.6, 'payment': 0.3, 'user': 0.7}",262.66349770934977,None,0.0,120.0,"[0, '206.4786729857829', '190.79807692307688', '197.35000000000136', '200.547619047618', '196.20027247956375', '194.276704545454', '198.9150442477861', '198.7990867579902', '206.13882488479146', '204.5764669370896', '204.12928951184182', '204.12928951184182']"
82,20,2024-11-28 12:11:31.963333,7,"{'min': 701, 'max': 800}",725.9000000000001,250.0,317.9137010676152,12.5,-1.0,-1.0,-1,"{'carts': 5.0, 'catalogue': 0.6, 'front-end': 1.7, 'orders': 2.6, 'payment': 0.3, 'shipping': 1.6, 'user': 0.7}","{'carts': {'cpu_utilization': 12.789568674284746, 'throttles': 0.28634296312122026, 'processes': 0, 'load_average': 0.0, 'threads': 200.0, 'memory_utilization': 496893366.85714287, 'io_time': 2.4101835811506925e-09, 'read_seconds': 0.0, 'write_seconds': 6.513029459769198e-09}, 'catalogue': {'cpu_utilization': 34.2554515009831, 'throttles': 1.2829788980506005, 'processes': 0, 'load_average': 0.0, 'threads': 70.57142857142857, 'memory_utilization': 29040054.85714286, 'io_time': 2.156324568489499e-09, 'read_seconds': 0.0, 'write_seconds': 5.229847248516932e-09}, 'front-end': {'cpu_utilization': 34.51180194925974, 'throttles': 0.06970073314403548, 'processes': 0, 'load_average': 0.0, 'threads': 21.0, 'memory_utilization': 359592209.06666666, 'io_time': 4.068883297934844e-08, 'read_seconds': 0.0, 'write_seconds': 3.425409369583852e-07}, 'orders': {'cpu_utilization': 5.891498426487445, 'throttles': 0.2465342192565921, 'processes': 0, 'load_average': 0.0, 'threads': 152.92857142857142, 'memory_utilization': 457533732.5714286, 'io_time': 3.518432806909035e-08, 'read_seconds': 0.0, 'write_seconds': 3.515283850349915e-07}, 'payment': {'cpu_utilization': 2.3662854487544482, 'throttles': 0.039363907719800494, 'processes': 0, 'load_average': 0.0, 'threads': 37.57142857142857, 'memory_utilization': 11048667.42857143, 'io_time': 4.067592330953301e-08, 'read_seconds': 0.0, 'write_seconds': 3.5106237251591527e-07}, 'shipping': {'cpu_utilization': 1.269709171065008, 'throttles': 0.04935013717539545, 'processes': 0, 'load_average': 0.0, 'threads': 147.0, 'memory_utilization': 396048793.6, 'io_time': 4.0550750594475115e-08, 'read_seconds': 0.0, 'write_seconds': 3.679506501465587e-07}, 'user': {'cpu_utilization': 17.707903774211005, 'throttles': 0.1937938191121818, 'processes': 0, 'load_average': 0.0, 'threads': 40.0, 'memory_utilization': 18813558.153846152, 'io_time': 4.116152787360622e-08, 'read_seconds': 0.0, 'write_seconds': 3.938941293872021e-07}}",,-1.0,None,1.0,100.0,"[0, '204.72524752475246', '210.1957013574652', '205.71002132196173', '210.14837398374024', '208.31701890989928', '212.88775510204022', '209.90411490683135', '225.7135542168678', '817.9137010676152']"
84,22,2024-11-28 12:15:28.945714,7,"{'min': 701, 'max': 800}",748.8000000000001,250.0,345.1509011260946,12.8,-1.0,-1.0,-1,"{'carts': 5.0, 'catalogue': 0.6, 'front-end': 1.7, 'orders': 2.6, 'payment': 0.3, 'shipping': 1.9, 'user': 0.7}","{'carts': {'cpu_utilization': 14.29537999067808, 'throttles': 0.30777741501827444, 'processes': 0, 'load_average': 0.0, 'threads': 200.0, 'memory_utilization': 496805888.0, 'io_time': 2.908029426942199e-09, 'read_seconds': 0.0, 'write_seconds': 5.0860061762549495e-09}, 'catalogue': {'cpu_utilization': 35.92496395624368, 'throttles': 0.32581883870327305, 'processes': 0, 'load_average': 0.0, 'threads': 74.0, 'memory_utilization': 32381610.666666668, 'io_time': 2.926002707264837e-09, 'read_seconds': 0.0, 'write_seconds': 5.027182372917622e-09}, 'front-end': {'cpu_utilization': 34.71270554007684, 'throttles': 0.01044027754387259, 'processes': 0, 'load_average': 0.0, 'threads': 21.0, 'memory_utilization': 382252919.46666664, 'io_time': 3.1927430960722136e-08, 'read_seconds': 0.0, 'write_seconds': 4.421398973587931e-08}, 'orders': {'cpu_utilization': 6.196724509538713, 'throttles': 0.06714985035563005, 'processes': 0, 'load_average': 0.0, 'threads': 153.46153846153845, 'memory_utilization': 458791699.6923077, 'io_time': 3.5851448421457706e-08, 'read_seconds': 0.0, 'write_seconds': 4.875562233277624e-08}, 'payment': {'cpu_utilization': 2.598034051842712, 'throttles': 0.05104255100568997, 'processes': 0, 'load_average': 0.0, 'threads': 37.57142857142857, 'memory_utilization': 11119762.285714285, 'io_time': 3.6472437218005046e-08, 'read_seconds': 0.0, 'write_seconds': 4.842911812475813e-08}, 'shipping': {'cpu_utilization': 1.0602575118357338, 'throttles': 0.0006520329981951657, 'processes': 0, 'load_average': 0.0, 'threads': 147.0, 'memory_utilization': 396301548.3076923, 'io_time': 3.628329725850878e-08, 'read_seconds': 0.0, 'write_seconds': 4.800970244068556e-08}, 'user': {'cpu_utilization': 20.907046111852353, 'throttles': 0.20953481979014035, 'processes': 0, 'load_average': 0.0, 'threads': 40.642857142857146, 'memory_utilization': 18787474.285714287, 'io_time': 3.348949064883981e-08, 'read_seconds': 0.0, 'write_seconds': 4.393569474539981e-08}}",,-1.0,None,1.0,30.0,"[0, '184.51492537313476', '2459.1509011260946']"
85,23,2024-11-28 12:16:14.170581,7,"{'min': 701, 'max': 800}",736.8000000000002,250.0,215.76267281106016,13.1,0.10227911784335326,44.338135348104345,2,"{'carts': 5.0, 'catalogue': 0.6, 'front-end': 2.0, 'orders': 2.6, 'payment': 0.3, 'shipping': 1.9, 'user': 0.7}","{'carts': {'cpu_utilization': 15.80133694963886, 'throttles': 0.4342789534063251, 'processes': 0, 'load_average': 0.0, 'threads': 200.0, 'memory_utilization': 496879908.5714286, 'io_time': 2.654206185924701e-09, 'read_seconds': 0.0, 'write_seconds': 5.4914075328457285e-09}, 'catalogue': {'cpu_utilization': 35.36781087944175, 'throttles': 0.6551675568952364, 'processes': 0, 'load_average': 0.0, 'threads': 74.0, 'memory_utilization': 32469577.14285714, 'io_time': 2.46750444306636e-09, 'read_seconds': 0.0, 'write_seconds': 5.864383441368217e-09}, 'front-end': {'cpu_utilization': 34.31724585760749, 'throttles': 0.012684345175378742, 'processes': 0, 'load_average': 0.0, 'threads': 21.0, 'memory_utilization': 415949970.28571427, 'io_time': 3.5771550232816124e-08, 'read_seconds': 0.0, 'write_seconds': 5.673567855323496e-08}, 'orders': {'cpu_utilization': 6.535485920834649, 'throttles': 0.06611136932672276, 'processes': 0, 'load_average': 0.0, 'threads': 177.0, 'memory_utilization': 463178313.14285713, 'io_time': 3.542625450294802e-08, 'read_seconds': 0.0, 'write_seconds': 5.653201095422236e-08}, 'payment': {'cpu_utilization': 2.7760614027826365, 'throttles': 0.06983902209385308, 'processes': 0, 'load_average': 0.0, 'threads': 37.6, 'memory_utilization': 11125009.066666666, 'io_time': 3.575326699679872e-08, 'read_seconds': 0.0, 'write_seconds': 5.644284711832474e-08}, 'shipping': {'cpu_utilization': 1.1319117239385759, 'throttles': 0.029070661970866996, 'processes': 0, 'load_average': 0.0, 'threads': 147.0, 'memory_utilization': 396336384.0, 'io_time': 3.560368291859622e-08, 'read_seconds': 0.0, 'write_seconds': 5.7807489279248356e-08}, 'user': {'cpu_utilization': 22.954087363482788, 'throttles': 0.7146987270158488, 'processes': 0, 'load_average': 0.0, 'threads': 56.15384615384615, 'memory_utilization': 26374459.076923076, 'io_time': 3.5207349793050374e-08, 'read_seconds': 0.0, 'write_seconds': 5.8291954045130023e-08}}","{'front-end': 1.8, 'carts': 5.0, 'catalogue': 0.6, 'orders': 2.6, 'payment': 0.3, 'shipping': 1.9, 'user': 0.7}",260.1008081591645,None,0.0,120.0,"[0, '181.4137931034473', '195.896551724137', '191.43750000000082', '203.48752079866853', '206.14066339066312', '205.55922330097167', '211.50764192139786', '214.00980975029728', '212.9539258451466', '215.8338008415142', '215.76267281106016', '215.76267281106016']"
86,24,2024-11-28 12:18:44.738190,7,"{'min': 701, 'max': 800}",737.6,250.0,325.43689320388125,12.9,-1.0,-1.0,-1,"{'carts': 5.0, 'catalogue': 0.6, 'front-end': 1.8, 'orders': 2.6, 'payment': 0.3, 'shipping': 1.9, 'user': 0.7}","{'carts': {'cpu_utilization': 14.324551560903165, 'throttles': 0.37752839845952474, 'processes': 0, 'load_average': 0.0, 'threads': 200.0, 'memory_utilization': 496711972.5714286, 'io_time': 2.4391091762796786e-09, 'read_seconds': 0.0, 'write_seconds': 5.026940273373568e-09}, 'catalogue': {'cpu_utilization': 35.817724861093744, 'throttles': 0.7912056670170009, 'processes': 0, 'load_average': 0.0, 'threads': 74.0, 'memory_utilization': 32372443.42857143, 'io_time': 2.538676448882253e-09, 'read_seconds': 0.0, 'write_seconds': 4.881058474939801e-09}, 'front-end': {'cpu_utilization': 33.54389422198373, 'throttles': 0.029790033756607336, 'processes': 0, 'load_average': 0.0, 'threads': 21.0, 'memory_utilization': 406204928.0, 'io_time': 3.498431124133409e-08, 'read_seconds': 0.0, 'write_seconds': 5.557881952835329e-08}, 'orders': {'cpu_utilization': 6.02433621118702, 'throttles': 0.13190521903042224, 'processes': 0, 'load_average': 0.0, 'threads': 176.85714285714286, 'memory_utilization': 463403008.0, 'io_time': 3.506321744447141e-08, 'read_seconds': 0.0, 'write_seconds': 5.48860576489304e-08}, 'payment': {'cpu_utilization': 2.379389842529604, 'throttles': 0.049298783329671955, 'processes': 0, 'load_average': 0.0, 'threads': 37.57142857142857, 'memory_utilization': 11196123.42857143, 'io_time': 3.5139843112538904e-08, 'read_seconds': 0.0, 'write_seconds': 5.4920112706605453e-08}, 'shipping': {'cpu_utilization': 1.1178430509119996, 'throttles': 0.052201891414042294, 'processes': 0, 'load_average': 0.0, 'threads': 147.0, 'memory_utilization': 396350610.28571427, 'io_time': 3.505511187655686e-08, 'read_seconds': 0.0, 'write_seconds': 5.515970498399191e-08}, 'user': {'cpu_utilization': 20.55374496741688, 'throttles': 0.4788212014012795, 'processes': 0, 'load_average': 0.0, 'threads': 57.5, 'memory_utilization': 27123419.42857143, 'io_time': 3.519209779859293e-08, 'read_seconds': 0.0, 'write_seconds': 5.5756165143618436e-08}}",,-1.0,None,1.0,50.0,"[0, '196.10404624277436', '211.06606217616658', '244.75674157303354', '325.43689320388125']"
87,25,2024-11-28 12:19:43.131694,7,"{'min': 701, 'max': 800}",712.9000000000001,250.0,216.33757007814015,13.1,0.1081757394147033,47.583005723493244,2,"{'carts': 5.0, 'catalogue': 0.6, 'front-end': 2.0, 'orders': 2.6, 'payment': 0.3, 'shipping': 1.9, 'user': 0.7}","{'carts': {'cpu_utilization': 13.30358710987716, 'throttles': 0.31628990450497885, 'processes': 0, 'load_average': 0.0, 'threads': 200.0, 'memory_utilization': 496797013.3333333, 'io_time': 2.3953837841375627e-09, 'read_seconds': 0.0, 'write_seconds': 2.0952720860692207e-09}, 'catalogue': {'cpu_utilization': 29.57902968606455, 'throttles': 0.4260106940228622, 'processes': 0, 'load_average': 0.0, 'threads': 74.0, 'memory_utilization': 31089225.14285714, 'io_time': 2.604492756892434e-09, 'read_seconds': 0.0, 'write_seconds': 2.64342550089886e-09}, 'front-end': {'cpu_utilization': 31.802742086259517, 'throttles': 0.013057558149554453, 'processes': 0, 'load_average': 0.0, 'threads': 21.0, 'memory_utilization': 396527752.53333336, 'io_time': 3.4769254648041125e-08, 'read_seconds': 0.0, 'write_seconds': 3.983694212323941e-08}, 'orders': {'cpu_utilization': 6.213716523381926, 'throttles': 0.25922794910394076, 'processes': 0, 'load_average': 0.0, 'threads': 176.8, 'memory_utilization': 464131686.4, 'io_time': 3.486123070654765e-08, 'read_seconds': 0.0, 'write_seconds': 3.941964620621907e-08}, 'payment': {'cpu_utilization': 2.5734564599398784, 'throttles': 0.052869957790423305, 'processes': 0, 'load_average': 0.0, 'threads': 37.53333333333333, 'memory_utilization': 11296768.0, 'io_time': 3.482987587585601e-08, 'read_seconds': 0.0, 'write_seconds': 4.077525450748396e-08}, 'shipping': {'cpu_utilization': 0.9821339552720973, 'throttles': 0.004804290278577445, 'processes': 0, 'load_average': 0.0, 'threads': 147.0, 'memory_utilization': 396571209.14285713, 'io_time': 3.4377585314198245e-08, 'read_seconds': 0.0, 'write_seconds': 3.868658948799156e-08}, 'user': {'cpu_utilization': 20.848974454568815, 'throttles': 0.46174449705210013, 'processes': 0, 'load_average': 0.0, 'threads': 56.333333333333336, 'memory_utilization': 26539076.266666666, 'io_time': 3.495304310032372e-08, 'read_seconds': 0.0, 'write_seconds': 4.0841167110935215e-08}}","{'shipping': 1.7, 'carts': 5.0, 'catalogue': 0.6, 'front-end': 2.0, 'orders': 2.6, 'payment': 0.3, 'user': 0.7}",263.9205758016334,None,0.0,120.0,"[0, '236.0281329923272', '232.79078535721868', '230.28310932384227', '231.46826584103064', '229.299581004295', '224.59310787513726', '223.75902148033072', '221.08452157201407', '219.02458185504216', '217.8353694408478', '216.33757007814015', '216.33757007814015']"
88,26,2024-11-28 12:21:50.446784,7,"{'min': 701, 'max': 800}",696.5,250.0,210.5364842454403,12.899999999999999,0.12607076486830285,56.00518734433069,2,"{'carts': 5.0, 'catalogue': 0.6, 'front-end': 2.0, 'orders': 2.6, 'payment': 0.3, 'shipping': 1.7, 'user': 0.7}","{'carts': {'cpu_utilization': 11.973812158148231, 'throttles': 0.3105541850803438, 'processes': 0, 'load_average': 0.0, 'threads': 200.0, 'memory_utilization': 496837973.3333333, 'io_time': 2.369386940359787e-09, 'read_seconds': 0.0, 'write_seconds': 4.227722104814275e-09}, 'catalogue': {'cpu_utilization': 32.75714073123658, 'throttles': 0.42371614212908854, 'processes': 0, 'load_average': 0.0, 'threads': 74.0, 'memory_utilization': 31114386.285714287, 'io_time': 2.4254305591746698e-09, 'read_seconds': 0.0, 'write_seconds': 4.464318299899839e-09}, 'front-end': {'cpu_utilization': 28.59342204857628, 'throttles': 0.010445997189534116, 'processes': 0, 'load_average': 0.0, 'threads': 21.0, 'memory_utilization': 406806528.0, 'io_time': 4.780902864665121e-08, 'read_seconds': 0.0, 'write_seconds': 8.051697088021315e-07}, 'orders': {'cpu_utilization': 5.945945898023145, 'throttles': 0.18696222327958179, 'processes': 0, 'load_average': 0.0, 'threads': 176.76923076923077, 'memory_utilization': 465048497.2307692, 'io_time': 4.445121134691461e-08, 'read_seconds': 0.0, 'write_seconds': 8.054980681012066e-07}, 'payment': {'cpu_utilization': 2.2475929187451826, 'throttles': 0.033434218240737126, 'processes': 0, 'load_average': 0.0, 'threads': 37.57142857142857, 'memory_utilization': 11215140.57142857, 'io_time': 5.186784200256908e-08, 'read_seconds': 0.0, 'write_seconds': 1.1636503447892298e-06}, 'shipping': {'cpu_utilization': 1.289397781047731, 'throttles': 0.07390609186564823, 'processes': 0, 'load_average': 0.0, 'threads': 147.93333333333334, 'memory_utilization': 396737194.6666667, 'io_time': 4.585895400811302e-08, 'read_seconds': 0.0, 'write_seconds': 8.40502809810922e-07}, 'user': {'cpu_utilization': 18.92201343245686, 'throttles': 0.5481547994986256, 'processes': 0, 'load_average': 0.0, 'threads': 55.0, 'memory_utilization': 24912749.714285713, 'io_time': 5.160354281495425e-08, 'read_seconds': 0.0, 'write_seconds': 8.19494011992442e-07}}","{'front-end': 1.7, 'carts': 5.0, 'catalogue': 0.6, 'orders': 2.6, 'payment': 0.3, 'shipping': 1.7, 'user': 0.7}",266.541671589771,None,0.0,120.0,"[0, '219.9931192660543', '220.61764705882425', '216.92377495462813', '213.90545144804133', '216.506165228114', '214.0774499473141', '212.8922651933708', '211.80054221533737', '213.13669786096233', '211.36778846153905', '210.5364842454403', '210.5364842454403']"
89,27,2024-11-28 12:24:04.523709,7,"{'min': 701, 'max': 800}",674.4,250.0,223.3351783517828,12.6,0.10383514485172458,46.73857963541761,2,"{'carts': 5.0, 'catalogue': 0.6, 'front-end': 1.7, 'orders': 2.6, 'payment': 0.3, 'shipping': 1.7, 'user': 0.7}","{'carts': {'cpu_utilization': 14.301943919380527, 'throttles': 0.35774868318634695, 'processes': 0, 'load_average': 0.0, 'threads': 200.0, 'memory_utilization': 496823637.3333333, 'io_time': 2.3997440076543467e-09, 'read_seconds': 0.0, 'write_seconds': 3.72723574903907e-09}, 'catalogue': {'cpu_utilization': 30.559134870588856, 'throttles': 0.4850052802247195, 'processes': 0, 'load_average': 0.0, 'threads': 74.0, 'memory_utilization': 30746624.0, 'io_time': 2.237566696774894e-09, 'read_seconds': 0.0, 'write_seconds': 3.355091219980792e-09}, 'front-end': {'cpu_utilization': 33.81296511652426, 'throttles': 0.06363957061182576, 'processes': 0, 'load_average': 0.0, 'threads': 21.0, 'memory_utilization': 423866368.0, 'io_time': 3.5657730907527115e-08, 'read_seconds': 0.0, 'write_seconds': 3.9730443404522744e-08}, 'orders': {'cpu_utilization': 5.977999023124526, 'throttles': 0.09470501115901166, 'processes': 0, 'load_average': 0.0, 'threads': 176.71428571428572, 'memory_utilization': 465809115.4285714, 'io_time': 3.4871654401389894e-08, 'read_seconds': 0.0, 'write_seconds': 4.183969337222541e-08}, 'payment': {'cpu_utilization': 2.364420135588927, 'throttles': 0.056267343351798504, 'processes': 0, 'load_average': 0.0, 'threads': 37.53333333333333, 'memory_utilization': 11244885.333333334, 'io_time': 3.3278967241871286e-08, 'read_seconds': 0.0, 'write_seconds': 3.745491013875383e-08}, 'shipping': {'cpu_utilization': 1.1649290221323867, 'throttles': 0.0557343361201213, 'processes': 0, 'load_average': 0.0, 'threads': 147.85714285714286, 'memory_utilization': 396692041.14285713, 'io_time': 3.5374980794216695e-08, 'read_seconds': 0.0, 'write_seconds': 4.145909328029033e-08}, 'user': {'cpu_utilization': 21.166528305784098, 'throttles': 0.5144694249987093, 'processes': 0, 'load_average': 0.0, 'threads': 55.0, 'memory_utilization': 23552000.0, 'io_time': 3.557937062456194e-08, 'read_seconds': 0.0, 'write_seconds': 3.965654692570985e-08}}","{'carts': 5.0, 'catalogue': 0.6, 'front-end': 1.7, 'orders': 2.6, 'payment': 0.3, 'shipping': 1.7, 'user': 0.7}",270.0737579872004,None,0.0,120.0,"[0, '219.96511627906898', '228.98508946322067', '223.51285930408554', '223.68305304010374', '219.1285390713478', '222.26527694354394', '219.9086105801651', '226.53068905616686', '225.69894099848813', '223.84489795918375', '223.3351783517828', '223.3351783517828']"
90,28,2024-11-28 12:26:18.806644,7,"{'min': 701, 'max': 800}",721.1,250.0,232.74499841219443,12.6,0.06823432387558848,29.865029495370152,1,"{'carts': 5.0, 'catalogue': 0.6, 'front-end': 1.7, 'orders': 2.6, 'payment': 0.3, 'shipping': 1.7, 'user': 0.7}","{'carts': {'cpu_utilization': 14.375164095401367, 'throttles': 0.4147984634689997, 'processes': 0, 'load_average': 0.0, 'threads': 200.0, 'memory_utilization': 496711972.5714286, 'io_time': 2.265275963571596e-09, 'read_seconds': 0.0, 'write_seconds': 3.962816800197249e-09}, 'catalogue': {'cpu_utilization': 29.997927289553893, 'throttles': 0.3764830042122446, 'processes': 0, 'load_average': 0.0, 'threads': 74.0, 'memory_utilization': 29911332.57142857, 'io_time': 2.0210695698219637e-09, 'read_seconds': 0.0, 'write_seconds': 3.453520755450891e-09}, 'front-end': {'cpu_utilization': 35.25597299153544, 'throttles': 0.07097033829814603, 'processes': 0, 'load_average': 0.0, 'threads': 21.0, 'memory_utilization': 421956056.61538464, 'io_time': 3.177990085138215e-08, 'read_seconds': 0.0, 'write_seconds': 3.995178488156038e-08}, 'orders': {'cpu_utilization': 6.201758932100742, 'throttles': 0.2088478539466009, 'processes': 0, 'load_average': 0.0, 'threads': 176.85714285714286, 'memory_utilization': 466423515.4285714, 'io_time': 3.090493773270577e-08, 'read_seconds': 0.0, 'write_seconds': 3.7164068453912016e-08}, 'payment': {'cpu_utilization': 2.4623213679845835, 'throttles': 0.015228584341224264, 'processes': 0, 'load_average': 0.0, 'threads': 37.84615384615385, 'memory_utilization': 11084091.076923076, 'io_time': 3.543422940946953e-08, 'read_seconds': 0.0, 'write_seconds': 4.284513203997696e-08}, 'shipping': {'cpu_utilization': 1.246754285134495, 'throttles': 0.06205452113029347, 'processes': 0, 'load_average': 0.0, 'threads': 147.85714285714286, 'memory_utilization': 396837156.5714286, 'io_time': 3.4780385297043316e-08, 'read_seconds': 0.0, 'write_seconds': 4.3465655424245385e-08}, 'user': {'cpu_utilization': 20.261735775842684, 'throttles': 0.6379798704237633, 'processes': 0, 'load_average': 0.0, 'threads': 56.15384615384615, 'memory_utilization': 24177112.615384616, 'io_time': 2.9458629995085945e-08, 'read_seconds': 0.0, 'write_seconds': 3.6414700725093286e-08}}","{'carts': 5.0, 'catalogue': 0.6, 'front-end': 1.7, 'orders': 2.6, 'payment': 0.3, 'shipping': 1.7, 'user': 0.7}",262.6100279075646,None,0.0,120.0,"[0, '225.48657718120762', '230.1861063464837', '227.2330508474577', '229.5769642857143', '223.62918994413337', '226.97206095790983', '225.44515306122403', '230.14849354375974', '228.8970651704793', '227.70798569725935', '232.74499841219443', '232.74499841219443']"
91,29,2024-11-28 12:28:27.714938,7,"{'min': 701, 'max': 800}",707.0,250.0,229.15404564315378,12.6,0.08089332317645928,35.70948535055351,1,"{'carts': 5.0, 'catalogue': 0.6, 'front-end': 1.7, 'orders': 2.6, 'payment': 0.3, 'shipping': 1.7, 'user': 0.7}","{'carts': {'cpu_utilization': 14.695187414379586, 'throttles': 0.36142395355185913, 'processes': 0, 'load_average': 0.0, 'threads': 200.0, 'memory_utilization': 496811446.85714287, 'io_time': 2.4363473377977035e-09, 'read_seconds': 0.0, 'write_seconds': 4.941363782843495e-09}, 'catalogue': {'cpu_utilization': 36.9628315507947, 'throttles': 0.5111505230596608, 'processes': 0, 'load_average': 0.0, 'threads': 74.0, 'memory_utilization': 30385298.285714287, 'io_time': 2.5228913674547262e-09, 'read_seconds': 0.0, 'write_seconds': 4.932048941116978e-09}, 'front-end': {'cpu_utilization': 36.08003757406005, 'throttles': 0.06343895015590814, 'processes': 0, 'load_average': 0.0, 'threads': 21.0, 'memory_utilization': 434805321.14285713, 'io_time': 3.519505064625111e-08, 'read_seconds': 0.0, 'write_seconds': 4.289152369782987e-08}, 'orders': {'cpu_utilization': 6.20804793380961, 'throttles': 0.1414825029245082, 'processes': 0, 'load_average': 0.0, 'threads': 176.8125, 'memory_utilization': 466838272.0, 'io_time': 3.50130396003076e-08, 'read_seconds': 0.0, 'write_seconds': 4.3982961099345664e-08}, 'payment': {'cpu_utilization': 2.3300496525042425, 'throttles': 0.006182706975828288, 'processes': 0, 'load_average': 0.0, 'threads': 38.0, 'memory_utilization': 10930333.538461538, 'io_time': 3.5145169521547745e-08, 'read_seconds': 0.0, 'write_seconds': 4.283626172317296e-08}, 'shipping': {'cpu_utilization': 1.137432618228423, 'throttles': 0.000530631299146527, 'processes': 0, 'load_average': 0.0, 'threads': 147.85714285714286, 'memory_utilization': 396911469.71428573, 'io_time': 3.526651491368071e-08, 'read_seconds': 0.0, 'write_seconds': 4.426737850622904e-08}, 'user': {'cpu_utilization': 21.484282803399466, 'throttles': 0.7284183494873179, 'processes': 0, 'load_average': 0.0, 'threads': 56.333333333333336, 'memory_utilization': 24307302.4, 'io_time': 3.526156660526753e-08, 'read_seconds': 0.0, 'write_seconds': 4.4763486127428257e-08}}","{'shipping': 5.0, 'carts': 5.0, 'catalogue': 0.6, 'front-end': 1.7, 'orders': 2.6, 'payment': 0.3, 'user': 0.7}",264.8635309937073,None,0.0,120.0,"[0, '231.5818965517235', '235.49866488651585', '233.70353477765087', '231.52406417112343', '231.9119589141601', '229.8994378513437', '228.36886632825693', '230.17281644091537', '228.0260238907844', '230.425966850828', '229.15404564315378', '229.15404564315378']"